<EAIMT920>
	<F2_TIPO>N</F2_TIPO>
	<F2_FORMUL>N</F2_FORMUL>
	<F2_DOC>0000001</F2_DOC>
	<F2_SERIE>1</F2_SERIE>
	<F2_EMISSAO>20201015</F2_EMISSAO>
	<F2_CLIENTE>C00001</F2_CLIENTE>
	<F2_LOJA>01</F2_LOJA>
	<F2_ESPECIE>NFE</F2_ESPECIE>
	<F2_DESCONT>0</F2_DESCONT>
	<F2_FRETE>0</F2_FRETE>
	<F2_SEGURO>0</F2_SEGURO>
	<F2_DESPESA>0</F2_DESPESA>
	<ITENS>
		<ITEM>
			<D2_ITEM>01</D2_ITEM>
			<D2_COD>NOT0001</D2_COD>
			<D2_QUANT>2</D2_QUANT>
			<D2_PRCVEN>100</D2_PRCVEN>
			<D2_TOTAL>200</D2_TOTAL>
			<D2_TES>501</D2_TES>
		</ITEM>
		<ITEM>
			<D2_ITEM>02</D2_ITEM>
			<D2_COD>NOT0001</D2_COD>
			<D2_QUANT>2</D2_QUANT>
			<D2_PRCVEN>100</D2_PRCVEN>
			<D2_TOTAL>200</D2_TOTAL>
			<D2_TES>501</D2_TES>
		</ITEM>
	</ITENS>
</EAIMT920>